{"cameraMode":{"drawMode":0,"name":"Shaded","section":"Shading Mode"},"sceneLighting":true,"audioPlay":false,"sceneViewState":{"m_AlwaysRefresh":false,"showFog":true,"showSkybox":true,"showFlares":true,"showImageEffects":true,"showParticleSystems":true,"showVisualEffectGraphs":true,"m_FxEnabled":true},"in2DMode":false,"pivot":{"x":4.9561357498168949,"y":2.824397563934326,"z":-1.7571173906326295},"rotation":{"x":0.29437530040740969,"y":0.002294091507792473,"z":-0.000706439430359751,"w":0.9556955099105835},"size":1.2869962453842164,"orthographic":false}