{"cameraMode":{"drawMode":0,"name":"Shaded","section":"Shading Mode"},"sceneLighting":true,"audioPlay":false,"sceneViewState":{"m_AlwaysRefresh":false,"showFog":true,"showSkybox":true,"showFlares":true,"showImageEffects":true,"showParticleSystems":true,"showVisualEffectGraphs":true,"m_FxEnabled":true},"in2DMode":false,"pivot":{"x":7.576441287994385,"y":2.7841970920562746,"z":-1.8729352951049805},"rotation":{"x":0.33184269070625307,"y":-0.02716260775923729,"z":0.009559975005686283,"w":0.9429011344909668},"size":1.2869962453842164,"orthographic":false}